enzyme,motif,cutInfo
BmgBI,CACGTC,CAC^_GTC
Bso31I,GGTCTC,GGTCTCN^NNNN_N
BpuEI,CTTGAG,CTTGAGNNNNNNNNNNNNNN_NN^N
MluNI,TGGCCA,TGG^_CCA
PagI,TCATGA,T^CATG_A
EcoO65I,GGTNACC,G^GTNAC_C
AlwNI,CAGNNNCTG,CAG_NNN^CTG
BtsI,GCAGTG,GCAGTG_NN^N
Asp700I,GAANNNNTTC,GAANN^_NNTTC
BmiI,GGNNCC,GGN^_NCC
VspI,ATTAAT,AT^TA_AT
SspMI,CTAG,C^TA_G
PsyI,GACNNNGTC,GACN^N_NGTC
PflMI,CCANNNNNTGG,CCAN_NNN^NTGG
BspCNI,CTCAG,CTCAGNNNNNNN_NN^N
AsuHPI,GGTGA,GGTGANNNNNNN_N^N
BsaXI,ACNNNNNCTCC,cut twice, not yet implemented sorry.
MboI,GATC,N^GATC_N
BshVI,ATCGAT,AT^CG_AT
BspEI,TCCGGA,T^CCGG_A
Sau96I,GGNCC,G^GNC_C
LmnI,GCTCC,GCTC_CN^N
BisI,GCNGC,GC^N_GC
BssT1I,CCWWGG,C^CWWG_G
SfaNI,GCATC,GCATCNNNNN^NNNN_N
BsaAI,YACGTR,YAC^_GTR
AclI,AACGTT,AA^CG_TT
Ple19I,CGATCG,CG_AT^CG
Eco24I,GRGCYC,G_RGCY^C
BplI,GAGNNNNNCTC,cut twice, not yet implemented sorry.
DraI,TTTAAA,TTT^_AAA
Eco72I,CACGTG,CAC^_GTG
BsiWI,CGTACG,C^GTAC_G
Eco52I,CGGCCG,C^GGCC_G
AccBSI,CCGCTC,CCG^_CTC
BseXI,GCAGC,GCAGCNNNNNNNN^NNNN_N
BmrI,ACTGGG,ACTGGGNNNN_N^N
MalI,GATC,GA^_TC
NdeII,GATC,N^GATC_N
Eco91I,GGTNACC,G^GTNAC_C
AfiI,CCNNNNNNNGG,CCNN_NNN^NNGG
BbsI,GAAGAC,GAAGACNN^NNNN_N
PpsI,GAGTC,GAGTCNNNN^N_N
BstC8I,GCNNGC,GCN^_NGC
AfeI,AGCGCT,AGC^_GCT
TaqI,TCGA,T^CG_A
SlaI,CTCGAG,C^TCGA_G
PspEI,GGTNACC,G^GTNAC_C
Hpy188I,TCNGA,TC_N^GA
Acc36I,ACCTGC,ACCTGCNNNN^NNNN_N
ArsI,GACNNNNNNTTYG,cut twice, not yet implemented sorry.
KasI,GGCGCC,G^GCGC_C
BseX3I,CGGCCG,C^GGCC_G
Bsp1407I,TGTACA,T^GTAC_A
PspPI,GGNCC,G^GNC_C
HapII,CCGG,C^CG_G
BciT130I,CCWGG,CC^W_GG
Bsp1720I,GCTNAGC,GC^TNA_GC
SacII,CCGCGG,CC_GC^GG
BsmBI,CGTCTC,CGTCTCN^NNNN_N
AluBI,AGCT,AG^_CT
AccIII,TCCGGA,T^CCGG_A
AvaII,GGWCC,G^GWC_C
PacI,TTAATTAA,TTA_AT^TAA
DseDI,GACNNNNNNGTC,GACNN_NN^NNGTC
Cac8I,GCNNGC,GCN^_NGC
BsnI,GGCC,GG^_CC
Eco32I,GATATC,GAT^_ATC
CspAI,ACCGGT,A^CCGG_T
BmsI,GCATC,GCATCNNNNN^NNNN_N
KroNI,GCCGGC,GCC^_GGC
ZrmI,AGTACT,AGT^_ACT
MspCI,CTTAAG,C^TTAA_G
Eco81I,CCTNAGG,CC^TNA_GG
AccB7I,CCANNNNNTGG,CCAN_NNN^NTGG
Bpu10I,CCTNAGC,CC^TNA_GC
MspJI,CNNR,CNNRNNNNNNNNN^NNNN_N
AcvI,CACGTG,CAC^_GTG
SpeI,ACTAGT,A^CTAG_T
Bse118I,RCCGGY,R^CCGG_Y
SgrDI,CGTCGACG,CG^TCGA_CG
Psp5II,RGGWCCY,RG^GWC_CY
EcoT38I,GRGCYC,G_RGCY^C
BtgZI,GCGATG,GCGATGNNNNNNNNNN^NNNN_N
HpyCH4IV,ACGT,A^CG_T
AoxI,GGCC,N^GGCC_N
Bsp120I,GGGCCC,G^GGCC_C
PpuMI,RGGWCCY,RG^GWC_CY
EcoRI,GAATTC,G^AATT_C
AsuC2I,CCSGG,CC^S_GG
PstI,CTGCAG,C_TGCA^G
AleI,CACNNNNGTG,CACNN^_NNGTG
AspS9I,GGNCC,G^GNC_C
KspI,CCGCGG,CC_GC^GG
AgsI,TTSAA,TT_S^AA
CaiI,CAGNNNCTG,CAG_NNN^CTG
Bsh1236I,CGCG,CG^_CG
CciNI,GCGGCCGC,GC^GGCC_GC
MlyI,GAGTC,GAGTC^_
Hpy166II,GTNNAC,GTN^_NAC
StuI,AGGCCT,AGG^_CCT
MroI,TCCGGA,T^CCGG_A
CspI,CGGWCCG,CG^GWC_CG
Sau3AI,GATC,N^GATC_N
BcoDI,GTCTC,GTCTCN^NNNN_N
LpnPI,CCDG,CCDGNNNNNNNNNN^NNNN_N
BsgI,GTGCAG,GTGCAGNNNNNNNNNNNNNN_NN^N
BsuRI,GGCC,GG^_CC
AanI,TTATAA,TTA^_TAA
Bpu14I,TTCGAA,TT^CG_AA
Sfr274I,CTCGAG,C^TCGA_G
Bsu36I,CCTNAGG,CC^TNA_GG
PflFI,GACNNNGTC,GACN^N_NGTC
HindIII,AAGCTT,A^AGCT_T
Alw44I,GTGCAC,G^TGCA_C
Bsp19I,CCATGG,C^CATG_G
MvaI,CCWGG,CC^W_GG
BstSNI,TACGTA,TAC^_GTA
EaeI,YGGCCR,Y^GGCC_R
AccB1I,GGYRCC,G^GYRC_C
NspI,RCATGY,R_CATG^Y
AjnI,CCWGG,N^CCWGG_N
Hin1II,CATG,_CATG^
BstMWI,GCNNNNNNNGC,GCNN_NNN^NNGC
SapI,GCTCTTC,GCTCTTCN^NNN_N
Bse8I,GATNNNNATC,GATNN^_NNATC
BsuTUI,ATCGAT,AT^CG_AT
AloI,GAACNNNNNNTCC,cut twice, not yet implemented sorry.
FspAI,RTGCGCAY,RTGC^_GCAY
SrfI,GCCCGGGC,GCCC^_GGGC
Mly113I,GGCGCC,GG^CG_CC
CpoI,CGGWCCG,CG^GWC_CG
PspOMI,GGGCCC,G^GGCC_C
BauI,CACGAG,C^ACGA_G
BccI,CCATC,CCATCNNNN^N_N
FokI,GGATG,GGATGNNNNNNNNN^NNNN_N
FspEI,CC,CCNNNNNNNNNNNN^NNNN_N
HpaI,GTTAAC,GTT^_AAC
AsuII,TTCGAA,TT^CG_AA
RsaNI,GTAC,G^TA_C
BstEII,GGTNACC,G^GTNAC_C
PasI,CCCWGGG,CC^CWG_GG
AcyI,GRCGYC,GR^CG_YC
SwaI,ATTTAAAT,ATTT^_AAAT
Cfr10I,RCCGGY,R^CCGG_Y
Fsp4HI,GCNGC,GC^N_GC
XceI,RCATGY,R_CATG^Y
BstFNI,CGCG,CG^_CG
CviQI,GTAC,G^TA_C
NlaIII,CATG,_CATG^
AlwI,GGATC,GGATCNNNN^N_N
AccI,GTMKAC,GT^MK_AC
EcoT22I,ATGCAT,A_TGCA^T
Bst4CI,ACNGT,AC_N^GT
PaqCI,CACCTGC,CACCTGCNNNN^NNNN_N
BstX2I,RGATCY,R^GATC_Y
Sse8387I,CCTGCAGG,CC_TGCA^GG
Van91I,CCANNNNNTGG,CCAN_NNN^NTGG
EheI,GGCGCC,GGC^_GCC
SmiI,ATTTAAAT,ATTT^_AAAT
MauBI,CGCGCGCG,CG^CGCG_CG
Bst2UI,CCWGG,CC^W_GG
NotI,GCGGCCGC,GC^GGCC_GC
BssSI,CACGAG,C^ACGA_G
Eco31I,GGTCTC,GGTCTCN^NNNN_N
FaqI,GGGAC,GGGACNNNNNNNNNN^NNNN_N
Asp718I,GGTACC,G^GTAC_C
PsuI,RGATCY,R^GATC_Y
BsoBI,CYCGRG,C^YCGR_G
MteI,GCGCNGCGC,GCGC^N_GCGC
BslI,CCNNNNNNNGG,CCNN_NNN^NNGG
SnaBI,TACGTA,TAC^_GTA
Bsu15I,ATCGAT,AT^CG_AT
AcoI,YGGCCR,Y^GGCC_R
EcoRII,CCWGG,N^CCWGG_N
SstI,GAGCTC,G_AGCT^C
Bst1107I,GTATAC,GTA^_TAC
ClaI,ATCGAT,AT^CG_AT
HhaI,GCGC,G_CG^C
BtuMI,TCGCGA,TCG^_CGA
BshNI,GGYRCC,G^GYRC_C
BstNSI,RCATGY,R_CATG^Y
BsiEI,CGRYCG,CG_RY^CG
BstBI,TTCGAA,TT^CG_AA
XspI,CTAG,C^TA_G
SgrBI,CCGCGG,CC_GC^GG
TauI,GCSGC,G_CSG^C
Eco53kI,GAGCTC,GAG^_CTC
RruI,TCGCGA,TCG^_CGA
MaeI,CTAG,C^TA_G
BbvCI,CCTCAGC,CC^TCA_GC
CseI,GACGC,GACGCNNNNN^NNNNN_N
PceI,AGGCCT,AGG^_CCT
NgoMIV,GCCGGC,G^CCGG_C
PspLI,CGTACG,C^GTAC_G
BlpI,GCTNAGC,GC^TNA_GC
MaeIII,GTNAC,N^GTNAC_N
BglI,GCCNNNNNGGC,GCCN_NNN^NGGC
HgaI,GACGC,GACGCNNNNN^NNNNN_N
BstF5I,GGATG,GGATG_NN^N
SfoI,GGCGCC,GGC^_GCC
EcoNI,CCTNNNNNAGG,CCTNN^N_NNAGG
XmiI,GTMKAC,GT^MK_AC
BsmI,GAATGC,GAATG_CN^N
BspLI,GGNNCC,GGN^_NCC
Tsp45I,GTSAC,N^GTSAC_N
FseI,GGCCGGCC,GG_CCGG^CC
PshAI,GACNNNNGTC,GACNN^_NNGTC
BseBI,CCWGG,CC^W_GG
BstHHI,GCGC,G_CG^C
BseSI,GKGCMC,G_KGCM^C
SsiI,CCGC,C^CG_C
BstAFI,CTTAAG,C^TTAA_G
SetI,ASST,N_ASST^
Eco147I,AGGCCT,AGG^_CCT
PspCI,CACGTG,CAC^_GTG
Ksp22I,TGATCA,T^GATC_A
BstV2I,GAAGAC,GAAGACNN^NNNN_N
NsbI,TGCGCA,TGC^_GCA
PshBI,ATTAAT,AT^TA_AT
BanI,GGYRCC,G^GYRC_C
KflI,GGGWCCC,GG^GWC_CC
BaeGI,GKGCMC,G_KGCM^C
RsaI,GTAC,GT^_AC
XapI,RAATTY,R^AATT_Y
Cfr13I,GGNCC,G^GNC_C
VpaK11BI,GGWCC,G^GWC_C
NcoI,CCATGG,C^CATG_G
TaqII,GACCGA,GACCGANNNNNNNNN_NN^N
BseMI,GCAATG,GCAATG_NN^N
TfiI,GAWTC,G^AWT_C
BmtI,GCTAGC,G_CTAG^C
NruI,TCGCGA,TCG^_CGA
BpuMI,CCSGG,CC^S_GG
BspOI,GCTAGC,G_CTAG^C
BmeRI,GACNNNNNGTC,GACNN_N^NNGTC
BsaWI,WCCGGW,W^CCGG_W
BssNI,GRCGYC,GR^CG_YC
Sfr303I,CCGCGG,CC_GC^GG
PstNI,CAGNNNCTG,CAG_NNN^CTG
BspFNI,CGCG,CG^_CG
PmeI,GTTTAAAC,GTTT^_AAAC
Hsp92I,GRCGYC,GR^CG_YC
BstMAI,GTCTC,GTCTCN^NNNN_N
DinI,GGCGCC,GGC^_GCC
MssI,GTTTAAAC,GTTT^_AAAC
PinAI,ACCGGT,A^CCGG_T
Hpy188III,TCNNGA,TC^NN_GA
AseI,ATTAAT,AT^TA_AT
Vha464I,CTTAAG,C^TTAA_G
SmoI,CTYRAG,C^TYRA_G
MnlI,CCTC,CCTCNNNNNN_N^N
Bse3DI,GCAATG,GCAATG_NN^N
MspI,CCGG,C^CG_G
StyI,CCWWGG,C^CWWG_G
ApaI,GGGCCC,G_GGCC^C
NaeI,GCCGGC,GCC^_GGC
BmrFI,CCNGG,CC^N_GG
BstSCI,CCNGG,N^CCNGG_N
BfoI,RGCGCY,R_GCGC^Y
BglII,AGATCT,A^GATC_T
BssHII,GCGCGC,G^CGCG_C
SdaI,CCTGCAGG,CC_TGCA^GG
PcsI,WCGNNNNNNNCGW,WCGNNN_N^NNNCGW
HindII,GTYRAC,GTY^_RAC
PdmI,GAANNNNTTC,GAANN^_NNTTC
BfrI,CTTAAG,C^TTAA_G
Hin6I,GCGC,G^CG_C
SchI,GAGTC,GAGTC^_
BspTNI,GGTCTC,GGTCTCN^NNNN_N
BcgI,CGANNNNNNTGC,cut twice, not yet implemented sorry.
MslI,CAYNNNNRTG,CAYNN^_NNRTG
PciI,ACATGT,A^CATG_T
FblI,GTMKAC,GT^MK_AC
ApoI,RAATTY,R^AATT_Y
XmaI,CCCGGG,C^CCGG_G
Tru1I,TTAA,T^TA_A
SfcI,CTRYAG,C^TRYA_G
XcmI,CCANNNNNNNNNTGG,CCANNNN_N^NNNNTGG
MluCI,AATT,N^AATT_N
MboII,GAAGA,GAAGANNNNNNN_N^N
BmuI,ACTGGG,ACTGGGNNNN_N^N
SinI,GGWCC,G^GWC_C
MscI,TGGCCA,TGG^_CCA
BmeT110I,CYCGRG,C^YCGR_G
BstENI,CCTNNNNNAGG,CCTNN^N_NNAGG
ApaLI,GTGCAC,G^TGCA_C
BsrGI,TGTACA,T^GTAC_A
RgaI,GCGATCGC,GCG_AT^CGC
HpyF10VI,GCNNNNNNNGC,GCNN_NNN^NNGC
TspDTI,ATGAA,ATGAANNNNNNNNN_NN^N
HaeIII,GGCC,GG^_CC
BstYI,RGATCY,R^GATC_Y
BcuI,ACTAGT,A^CTAG_T
FspBI,CTAG,C^TA_G
BseMII,CTCAG,CTCAGNNNNNNNN_NN^N
BtrI,CACGTC,CAC^_GTC
BspPI,GGATC,GGATCNNNN^N_N
Mox20I,TGGCCA,TGG^_CCA
PalAI,GGCGCGCC,GG^CGCG_CC
EcoT14I,CCWWGG,C^CWWG_G
Bbv12I,GWGCWC,G_WGCW^C
BtsIMutI,CAGTG,CAGTG_NN^N
BbrPI,CACGTG,CAC^_GTG
BoxI,GACNNNNGTC,GACNN^_NNGTC
XbaI,TCTAGA,T^CTAG_A
TasI,AATT,N^AATT_N
Rsr2I,CGGWCCG,CG^GWC_CG
SfiI,GGCCNNNNNGGCC,GGCCN_NNN^NGGCC
MfeI,CAATTG,C^AATT_G
BsrI,ACTGG,ACTG_GN^N
HphI,GGTGA,GGTGANNNNNNN_N^N
BciVI,GTATCC,GTATCCNNNNN_N^N
PsrI,GAACNNNNNNTAC,cut twice, not yet implemented sorry.
BsiSI,CCGG,C^CG_G
BspTI,CTTAAG,C^TTAA_G
ScrFI,CCNGG,CC^N_GG
Bme18I,GGWCC,G^GWC_C
BstDEI,CTNAG,C^TNA_G
PvuII,CAGCTG,CAG^_CTG
AflII,CTTAAG,C^TTAA_G
Psp124BI,GAGCTC,G_AGCT^C
FriOI,GRGCYC,G_RGCY^C
BspHI,TCATGA,T^CATG_A
FalI,AAGNNNNNCTT,cut twice, not yet implemented sorry.
Mva1269I,GAATGC,GAATG_CN^N
EcoRV,GATATC,GAT^_ATC
AsuNHI,GCTAGC,G^CTAG_C
FauNDI,CATATG,CA^TA_TG
AjiI,CACGTC,CAC^_GTC
BslFI,GGGAC,GGGACNNNNNNNNNN^NNNN_N
BpmI,CTGGAG,CTGGAGNNNNNNNNNNNNNN_NN^N
MlsI,TGGCCA,TGG^_CCA
NspV,TTCGAA,TT^CG_AA
Eco130I,CCWWGG,C^CWWG_G
Alw21I,GWGCWC,G_WGCW^C
BsuI,GTATCC,GTATCCNNNNN_N^N
BstUI,CGCG,CG^_CG
Aor51HI,AGCGCT,AGC^_GCT
TspMI,CCCGGG,C^CCGG_G
SspDI,GGCGCC,G^GCGC_C
PspPPI,RGGWCCY,RG^GWC_CY
MwoI,GCNNNNNNNGC,GCNN_NNN^NNGC
AclWI,GGATC,GGATCNNNN^N_N
AbaSI,C,CNNNNNNNNN_NN^N
BarI,GAAGNNNNNNTAC,cut twice, not yet implemented sorry.
Kpn2I,TCCGGA,T^CCGG_A
BshTI,ACCGGT,A^CCGG_T
BspDI,ATCGAT,AT^CG_AT
RsrII,CGGWCCG,CG^GWC_CG
GsuI,CTGGAG,CTGGAGNNNNNNNNNNNNNN_NN^N
BfmI,CTRYAG,C^TRYA_G
BspT107I,GGYRCC,G^GYRC_C
SbfI,CCTGCAGG,CC_TGCA^GG
BsmFI,GGGAC,GGGACNNNNNNNNNN^NNNN_N
BalI,TGGCCA,TGG^_CCA
Acc65I,GGTACC,G^GTAC_C
PaeI,GCATGC,G_CATG^C
Eam1105I,GACNNNNNGTC,GACNN_N^NNGTC
CviJI,RGCY,RG^_CY
Bsp68I,TCGCGA,TCG^_CGA
Eco47III,AGCGCT,AGC^_GCT
EclXI,CGGCCG,C^GGCC_G
BpiI,GAAGAC,GAAGACNN^NNNN_N
AcuI,CTGAAG,CTGAAGNNNNNNNNNNNNNN_NN^N
KspAI,GTTAAC,GTT^_AAC
NarI,GGCGCC,GG^CG_CC
Eco88I,CYCGRG,C^YCGR_G
AdeI,CACNNNGTG,CAC_NNN^GTG
Sse9I,AATT,N^AATT_N
PciSI,GCTCTTC,GCTCTTCN^NNN_N
BsaI,GGTCTC,GGTCTCN^NNNN_N
AfaI,GTAC,GT^_AC
BseAI,TCCGGA,T^CCGG_A
SgsI,GGCGCGCC,GG^CGCG_CC
Psp6I,CCWGG,N^CCWGG_N
Hpy99I,CGWCG,N_CGWCG^
EarI,CTCTTC,CTCTTCN^NNN_N
AarI,CACCTGC,CACCTGCNNNN^NNNN_N
AjuI,GAANNNNNNNTTGG,cut twice, not yet implemented sorry.
HspAI,GCGC,G^CG_C
AsiGI,ACCGGT,A^CCGG_T
BsePI,GCGCGC,G^CGCG_C
Bsp143I,GATC,N^GATC_N
PspGI,CCWGG,N^CCWGG_N
DraIII,CACNNNGTG,CAC_NNN^GTG
FatI,CATG,N^CATG_N
AxyI,CCTNAGG,CC^TNA_GG
SacI,GAGCTC,G_AGCT^C
BsmAI,GTCTC,GTCTCN^NNNN_N
AluI,AGCT,AG^_CT
AvaI,CYCGRG,C^YCGR_G
Mph1103I,ATGCAT,A_TGCA^T
DriI,GACNNNNNGTC,GACNN_N^NNGTC
BshFI,GGCC,GG^_CC
Ecl136II,GAGCTC,GAG^_CTC
Csp6I,GTAC,G^TA_C
GsaI,CCCAGC,C_CCAG^C
HpyCH4V,TGCA,TG^_CA
ZraI,GACGTC,GAC^_GTC
MroNI,GCCGGC,G^CCGG_C
Eco47I,GGWCC,G^GWC_C
AasI,GACNNNNNNGTC,GACNN_NN^NNGTC
BfuAI,ACCTGC,ACCTGCNNNN^NNNN_N
LweI,GCATC,GCATCNNNNN^NNNN_N
Acc16I,TGCGCA,TGC^_GCA
SgrAI,CRCCGGYG,CR^CCGG_YG
Bsa29I,ATCGAT,AT^CG_AT
SfuI,TTCGAA,TT^CG_AA
PfoI,TCCNGGA,T^CCNGG_A
DrdI,GACNNNNNNGTC,GACNN_NN^NNGTC
HpaII,CCGG,C^CG_G
Aor13HI,TCCGGA,T^CCGG_A
Bsp119I,TTCGAA,TT^CG_AA
NciI,CCSGG,CC^S_GG
BstZ17I,GTATAC,GTA^_TAC
EagI,CGGCCG,C^GGCC_G
Ama87I,CYCGRG,C^YCGR_G
PluTI,GGCGCC,G_GCGC^C
AccII,CGCG,CG^_CG
ApeKI,GCWGC,G^CWG_C
Hsp92II,CATG,_CATG^
BstSLI,GKGCMC,G_KGCM^C
BseJI,GATNNNNATC,GATNN^_NNATC
CciI,TCATGA,T^CATG_A
BsrBI,CCGCTC,CCG^_CTC
GlaI,GCGC,GC^_GC
SseBI,AGGCCT,AGG^_CCT
MreI,CGCCGGCG,CG^CCGG_CG
CsiI,ACCWGGT,A^CCWGG_T
BceAI,ACGGC,ACGGCNNNNNNNNNNNN^NN_N
BspMI,ACCTGC,ACCTGCNNNN^NNNN_N
LguI,GCTCTTC,GCTCTTCN^NNN_N
BseRI,GAGGAG,GAGGAGNNNNNNNN_NN^N
SalI,GTCGAC,G^TCGA_C
BlnI,CCTAGG,C^CTAG_G
SaqAI,TTAA,T^TA_A
BstNI,CCWGG,CC^W_GG
PfeI,GAWTC,G^AWT_C
BstXI,CCANNNNNNTGG,CCAN_NNNN^NTGG
AhlI,ACTAGT,A^CTAG_T
XmnI,GAANNNNTTC,GAANN^_NNTTC
HinP1I,GCGC,G^CG_C
HinfI,GANTC,G^ANT_C
Zsp2I,ATGCAT,A_TGCA^T
BstPAI,GACNNNNGTC,GACNN^_NNGTC
DpnII,GATC,N^GATC_N
NsiI,ATGCAT,A_TGCA^T
Alw26I,GTCTC,GTCTCN^NNNN_N
AflIII,ACRYGT,A^CRYG_T
FaeI,CATG,_CATG^
BstMCI,CGRYCG,CG_RY^CG
PleI,GAGTC,GAGTCNNNN^N_N
BsaBI,GATNNNNATC,GATNN^_NNATC
BstZI,CGGCCG,C^GGCC_G
FaiI,YATR,YA^_TR
SmiMI,CAYNNNNRTG,CAYNN^_NNRTG
MflI,RGATCY,R^GATC_Y
BtgI,CCRYGG,C^CRYG_G
PaeR7I,CTCGAG,C^TCGA_G
BbvI,GCAGC,GCAGCNNNNNNNN^NNNN_N
Esp3I,CGTCTC,CGTCTCN^NNNN_N
FauI,CCCGC,CCCGCNNNN^NN_N
AspA2I,CCTAGG,C^CTAG_G
PteI,GCGCGC,G^CGCG_C
BssECI,CCNNGG,C^CNNG_G
NmuCI,GTSAC,N^GTSAC_N
Bsp1286I,GDGCHC,G_DGCH^C
SspI,AATATT,AAT^_ATT
Cfr9I,CCCGGG,C^CCGG_G
AcsI,RAATTY,R^AATT_Y
Fnu4HI,GCNGC,GC^N_GC
TaiI,ACGT,_ACGT^
BstBAI,YACGTR,YAC^_GTR
CviAII,CATG,C^AT_G
KpnI,GGTACC,G_GTAC^C
CviKI_1,RGCY,RG^_CY
BsiHKCI,CYCGRG,C^YCGR_G
CfoI,GCGC,G_CG^C
BsiHKAI,GWGCWC,G_WGCW^C
Lsp1109I,GCAGC,GCAGCNNNNNNNN^NNNN_N
BstMBI,GATC,N^GATC_N
SphI,GCATGC,G_CATG^C
TscAI,CASTG,N_NNCASTGNN^N
EgeI,GGCGCC,GGC^_GCC
RseI,CAYNNNNRTG,CAYNN^_NNRTG
MaeII,ACGT,A^CG_T
BspACI,CCGC,C^CG_C
BseYI,CCCAGC,C^CCAG_C
Eam1104I,CTCTTC,CTCTTCN^NNN_N
PdiI,GCCGGC,GCC^_GGC
NheI,GCTAGC,G^CTAG_C
PspXI,VCTCGAGB,VC^TCGA_GB
BsaJI,CCNNGG,C^CNNG_G
MspR9I,CCNGG,CC^N_GG
Bsc4I,CCNNNNNNNGG,CCNN_NNN^NNGG
Eco57I,CTGAAG,CTGAAGNNNNNNNNNNNNNN_NN^N
EciI,GGCGGA,GGCGGANNNNNNNNN_NN^N
SmaI,CCCGGG,CCC^_GGG
AbsI,CCTCGAGG,CC^TCGA_GG
EcoO109I,RGGNCCY,RG^GNC_CY
BsrDI,GCAATG,GCAATG_NN^N
BssNAI,GTATAC,GTA^_TAC
Tth111I,GACNNNGTC,GACN^N_NGTC
HaeII,RGCGCY,R_GCGC^Y
PsiI,TTATAA,TTA^_TAA
BseCI,ATCGAT,AT^CG_AT
BseDI,CCNNGG,C^CNNG_G
BstKTI,GATC,G_AT^C
Bsh1285I,CGRYCG,CG_RY^CG
BstAPI,GCANNNNNTGC,GCAN_NNN^NTGC
BstAUI,TGTACA,T^GTAC_A
SgfI,GCGATCGC,GCG_AT^CGC
TaaI,ACNGT,AC_N^GT
EcoICRI,GAGCTC,GAG^_CTC
PspN4I,GGNNCC,GGN^_NCC
Kzo9I,GATC,N^GATC_N
NdeI,CATATG,CA^TA_TG
AciI,CCGC,C^CG_C
BveI,ACCTGC,ACCTGCNNNN^NNNN_N
OliI,CACNNNNGTG,CACNN^_NNGTG
Psp1406I,AACGTT,AA^CG_TT
BcnI,CCSGG,CC^S_GG
MabI,ACCWGGT,A^CCWGG_T
BanII,GRGCYC,G_RGCY^C
Bst2BI,CACGAG,C^ACGA_G
ScaI,AGTACT,AGT^_ACT
XmaJI,CCTAGG,C^CTAG_G
DdeI,CTNAG,C^TNA_G
XagI,CCTNNNNNAGG,CCTNN^N_NNAGG
TspGWI,ACGGA,ACGGANNNNNNNNN_NN^N
BseNI,ACTGG,ACTG_GN^N
TseI,GCWGC,G^CWG_C
Cfr42I,CCGCGG,CC_GC^GG
PmlI,CACGTG,CAC^_GTG
Bse21I,CCTNAGG,CC^TNA_GG
BstH2I,RGCGCY,R_GCGC^Y
BseLI,CCNNNNNNNGG,CCNN_NNN^NNGG
PspFI,CCCAGC,C^CCAG_C
BstACI,GRCGYC,GR^CG_YC
SduI,GDGCHC,G_DGCH^C
Eco105I,TACGTA,TAC^_GTA
Ppu21I,YACGTR,YAC^_GTR
KroI,GCCGGC,G^CCGG_C
BstV1I,GCAGC,GCAGCNNNNNNNN^NNNN_N
DpnI,GATC,GA^_TC
MvnI,CGCG,CG^_CG
PscI,ACATGT,A^CATG_T
HpyF3I,CTNAG,C^TNA_G
AhdI,GACNNNNNGTC,GACNN_N^NNGTC
BamHI,GGATCC,G^GATC_C
VneI,GTGCAC,G^TGCA_C
TseFI,GTSAC,N^GTSAC_N
NmeAIII,GCCGAG,GCCGAGNNNNNNNNNNNNNNNNNNN_NN^N
BseGI,GGATG,GGATG_NN^N
MunI,CAATTG,C^AATT_G
StyD4I,CCNGG,N^CCNGG_N
AsiSI,GCGATCGC,GCG_AT^CGC
NlaIV,GGNNCC,GGN^_NCC
Bpu1102I,GCTNAGC,GC^TNA_GC
BstSFI,CTRYAG,C^TRYA_G
BspMAI,CTGCAG,C_TGCA^G
BlsI,GCNGC,GC_N^GC
BsaHI,GRCGYC,GR^CG_YC
BssMI,GATC,N^GATC_N
SfaAI,GCGATCGC,GCG_AT^CGC
PkrI,GCNGC,GC_N^GC
BspANI,GGCC,GG^_CC
PmaCI,CACGTG,CAC^_GTG
HpySE526I,ACGT,A^CG_T
Bst6I,CTCTTC,CTCTTCN^NNN_N
CspCI,CAANNNNNGTGG,cut twice, not yet implemented sorry.
Msp20I,TGGCCA,TGG^_CCA
Pfl23II,CGTACG,C^GTAC_G
GluI,GCNGC,GC^N_GC
AscI,GGCGCGCC,GG^CGCG_CC
Tru9I,TTAA,T^TA_A
SgeI,CNNG,CNNGNNNNNNNNN^NNNN_N
MmeI,TCCRAC,TCCRACNNNNNNNNNNNNNNNNNN_NN^N
Bse1I,ACTGG,ACTG_GN^N
MseI,TTAA,T^TA_A
SmlI,CTYRAG,C^TYRA_G
AatII,GACGTC,G_ACGT^C
MspA1I,CMGCKG,CMG^_CKG
BmgT120I,GGNCC,G^GNC_C
BstPI,GGTNACC,G^GTNAC_C
AspLEI,GCGC,G_CG^C
BclI,TGATCA,T^GATC_A
BssAI,RCCGGY,R^CCGG_Y
RigI,GGCCGGCC,GG_CCGG^CC
MhlI,GDGCHC,G_DGCH^C
HincII,GTYRAC,GTY^_RAC
BfaI,CTAG,C^TA_G
Hin1I,GRCGYC,GR^CG_YC
MbiI,CCGCTC,CCG^_CTC
BspQI,GCTCTTC,GCTCTTCN^NNN_N
BaeI,ACNNNNGTAYC,cut twice, not yet implemented sorry.
MroXI,GAANNNNTTC,GAANN^_NNTTC
PauI,GCGCGC,G^CGCG_C
ErhI,CCWWGG,C^CWWG_G
BtsCI,GGATG,GGATG_NN^N
BmcAI,AGTACT,AGT^_ACT
XhoI,CTCGAG,C^TCGA_G
TatI,WGTACW,W^GTAC_W
SatI,GCNGC,GC^N_GC
TspRI,CASTG,N_NNCASTGNN^N
HpyAV,CCTTC,CCTTCNNNNN_N^N
BfuI,GTATCC,GTATCCNNNNN_N^N
MluI,ACGCGT,A^CGCG_T
Bsp13I,TCCGGA,T^CCGG_A
BspT104I,TTCGAA,TT^CG_AA
SexAI,ACCWGGT,A^CCWGG_T
Hpy8I,GTNNAC,GTN^_NAC
Bme1390I,CCNGG,CC^N_GG
BstDSI,CCRYGG,C^CRYG_G
AgeI,ACCGGT,A^CCGG_T
PvuI,CGATCG,CG_AT^CG
HpyCH4III,ACNGT,AC_N^GT
PctI,GAATGC,GAATG_CN^N
FspI,TGCGCA,TGC^_GCA
BsrFI,RCCGGY,R^CCGG_Y
AvrII,CCTAGG,C^CTAG_G
FbaI,TGATCA,T^GATC_A
